method	quality	guarantee	nb_patterns	timespent	timeInitialize	precision	recall	fscore	globality	crispiness	size_pattern_set
CbO	0.26095020436865474	-1	8125612	98.67770099639893	0.08030104637145996	1.0	1.0	1.0	0.0	0.0	10
RefineAndMine	0.2072957412209379	0.8185821649892322	71	0.014445066452026367	0.08030104637145996	1.0	0.44464864505542395	0.6155803303139706	0.2581120943952802	0.42330383480825956	41
RefineAndMine	0.2072957412209379	0.8024963741045137	95	0.016886234283447266	0.08030104637145996	1.0	0.4917999397481503	0.6593376586825406	0.20206489675516223	0.41150442477876104	14
RefineAndMine	0.2072957412209379	0.7408341757130927	124	0.019281387329101562	0.08030104637145996	1.0	0.5033369228782846	0.6696262364322126	0.20206489675516223	0.3797935103244838	19
RefineAndMine	0.2072957412209379	0.7180327868852459	151	0.021934986114501953	0.08030104637145996	1.0	0.5090547344480245	0.674667025426648	0.20206489675516223	0.35398230088495575	15
RefineAndMine	0.2072957412209379	0.7180327868852459	208	0.025635242462158203	0.08030104637145996	1.0	0.5090547344480245	0.674667025426648	0.20206489675516223	0.3333333333333333	22
RefineAndMine	0.2072957412209379	0.6584714103634686	282	0.030779361724853516	0.08030104637145996	1.0	0.5395926088382994	0.7009550523179627	0.20206489675516223	0.275811209439528	30
RefineAndMine	0.2072957412209379	0.6182569331516723	332	0.034673213958740234	0.08030104637145996	1.0	0.5448271537280167	0.7053567804180885	0.20206489675516223	0.2743362831858407	24
RefineAndMine	0.2072957412209379	0.60753307256186	418	0.04042220115661621	0.08030104637145996	1.0	0.5629463948460999	0.7203655822137548	0.19469026548672566	0.27064896755162243	45
RefineAndMine	0.22515712213774006	0.5845822528897289	516	0.0456538200378418	0.08030104637145996	1.0	0.585010982355419	0.7381790900730019	0.19469026548672566	0.2640117994100295	57
RefineAndMine	0.2404430185030545	0.5324484683338461	661	0.05442643165588379	0.08030104637145996	1.0	0.6410153548526768	0.7812423606605733	0.11061946902654868	0.2485250737463127	113
RefineAndMine	0.2404430185030545	0.5083197820067683	826	0.06301140785217285	0.08030104637145996	1.0	0.6410153548526768	0.7812423606605733	0.11061946902654868	0.2485250737463127	114
RefineAndMine	0.2404430185030545	0.49759592141695597	969	0.0715949535369873	0.08030104637145996	1.0	0.6442896696719831	0.7836693029890671	0.11061946902654868	0.2485250737463127	100
RefineAndMine	0.2404430185030545	0.4841910956796906	1203	0.08261823654174805	0.08030104637145996	1.0	0.6442896696719831	0.7836693029890671	0.11061946902654868	0.2485250737463127	71
RefineAndMine	0.2404430185030545	0.4819672131147541	1443	0.0934898853302002	0.08030104637145996	1.0	0.6442896696719831	0.7836693029890671	0.11061946902654868	0.2485250737463127	65
RefineAndMine	0.2404430185030545	0.426405309189997	1756	0.11042165756225586	0.08030104637145996	1.0	0.6748800622882809	0.8058846450965994	0.09292035398230089	0.18584070796460178	153
RefineAndMine	0.2404430185030545	0.4212982903353404	2051	0.15012764930725098	0.08030104637145996	1.0	0.6841328009424281	0.8124451950102659	0.09292035398230089	0.18584070796460178	155
RefineAndMine	0.2404430185030545	0.4144156814486002	2397	0.16727757453918457	0.08030104637145996	1.0	0.6841328009424281	0.8124451950102659	0.09292035398230089	0.18584070796460178	219
RefineAndMine	0.2404430185030545	0.41113699292400996	2757	0.1819138526916504	0.08030104637145996	1.0	0.68702702677808	0.8144825374732483	0.08702064896755163	0.18584070796460178	168
RefineAndMine	0.24993627213993758	0.3538961895134708	3135	0.20099639892578125	0.08030104637145996	1.0	0.7254343102583805	0.8408715486244712	0.08702064896755163	0.18584070796460178	231
RefineAndMine	0.24993627213993758	0.3538961895134708	3662	0.22676682472229004	0.08030104637145996	1.0	0.7262139360380063	0.8413950564028088	0.08702064896755163	0.18584070796460178	377
RefineAndMine	0.24993627213993758	0.3455632224322067	4105	0.24788331985473633	0.08030104637145996	1.0	0.7262139360380063	0.8413950564028088	0.08702064896755163	0.17699115044247787	224
RefineAndMine	0.24993627213993758	0.34347998066189067	4575	0.27199602127075195	0.08030104637145996	1.0	0.7262139360380063	0.8413950564028088	0.08702064896755163	0.17699115044247787	333
RefineAndMine	0.24993627213993758	0.34202962246736696	5138	0.2978949546813965	0.08030104637145996	1.0	0.7262139360380063	0.8413950564028088	0.08702064896755163	0.17699115044247787	289
RefineAndMine	0.24993627213993758	0.3377928185294247	6029	0.3343837261199951	0.08030104637145996	1.0	0.7262139360380063	0.8413950564028088	0.08702064896755163	0.17699115044247787	591
RefineAndMine	0.24993627213993758	0.32786885245901637	6623	0.3614315986633301	0.08030104637145996	1.0	0.7262139360380063	0.8413950564028088	0.08702064896755163	0.17699115044247787	424
RefineAndMine	0.24993627213993758	0.31315430932184773	7370	0.39693617820739746	0.08030104637145996	1.0	0.7940091670853364	0.8851784947959158	0.084070796460177	0.16887905604719763	370
RefineAndMine	0.24993627213993758	0.31243352524941764	8023	0.42588138580322266	0.08030104637145996	1.0	0.7940091670853364	0.8851784947959158	0.084070796460177	0.16887905604719763	491
RefineAndMine	0.24993627213993758	0.3114754098360656	8904	0.4643993377685547	0.08030104637145996	1.0	0.7940091670853364	0.8851784947959158	0.084070796460177	0.16887905604719763	499
RefineAndMine	0.24993627213993758	0.30831978200676835	10085	0.516970157623291	0.08030104637145996	1.0	0.8034471695696501	0.8910127040332142	0.06047197640117994	0.16592920353982302	609
RefineAndMine	0.24993627213993758	0.30491803278688523	10994	0.5563144683837891	0.08030104637145996	1.0	0.8035193196418001	0.8910570692432488	0.06047197640117994	0.16592920353982302	538
RefineAndMine	0.24993627213993758	0.30292269151320705	12205	0.6096088886260986	0.08030104637145996	1.0	0.8035193196418001	0.8910570692432488	0.06047197640117994	0.1415929203539823	674
RefineAndMine	0.24993627213993758	0.30259745967564716	13613	0.6582515239715576	0.08030104637145996	1.0	0.8035193196418001	0.8910570692432488	0.06047197640117994	0.1415929203539823	1142
RefineAndMine	0.24993627213993758	0.30228980793741483	14454	0.7007186412811279	0.08030104637145996	1.0	0.8035193196418001	0.8910570692432488	0.06047197640117994	0.1415929203539823	663
RefineAndMine	0.24993627213993758	0.2996440029886169	15856	0.7613525390625	0.08030104637145996	1.0	0.8035193196418001	0.8910570692432488	0.06047197640117994	0.1415929203539823	988
RefineAndMine	0.2576715158440645	0.2940799015514438	16976	0.8128445148468018	0.08030104637145996	1.0	0.8089026621679999	0.8943573129562612	0.06047197640117994	0.1415929203539823	802
RefineAndMine	0.2576715158440645	0.2908715334241639	18669	0.8582258224487305	0.08030104637145996	1.0	0.8089026621679999	0.8943573129562612	0.06047197640117994	0.1415929203539823	1478
RefineAndMine	0.2576715158440645	0.28953544587526925	19927	0.913649320602417	0.08030104637145996	1.0	0.8089026621679999	0.8943573129562612	0.06047197640117994	0.1415929203539823	896
RefineAndMine	0.2576715158440645	0.2892805344350195	21083	0.9624958038330078	0.08030104637145996	1.0	0.8142994875648253	0.8976461638731849	0.06047197640117994	0.1415929203539823	938
RefineAndMine	0.2576715158440645	0.28765437524722015	22269	1.0144271850585938	0.08030104637145996	1.0	0.8164776891101153	0.8989680346804636	0.06047197640117994	0.1415929203539823	959
RefineAndMine	0.2576715158440645	0.28207269371071947	23627	1.0765678882598877	0.08030104637145996	1.0	0.8164776891101153	0.8989680346804636	0.06047197640117994	0.1415929203539823	725
RefineAndMine	0.2576715158440645	0.2794268887619215	25282	1.1470251083374023	0.08030104637145996	1.0	0.8237756689080952	0.9033738994898362	0.06047197640117994	0.1415929203539823	976
RefineAndMine	0.2576715158440645	0.2793565683646113	26711	1.2110528945922852	0.08030104637145996	1.0	0.8237756689080952	0.9033738994898362	0.06047197640117994	0.1415929203539823	1085
RefineAndMine	0.2576715158440645	0.27904891662637893	27067	1.2390687465667725	0.08030104637145996	1.0	0.8237756689080952	0.9033738994898362	0.06047197640117994	0.1415929203539823	0
RefineAndMine	0.26095020436865474	0.27904891662637893	28398	1.2711310386657715	0.08030104637145996	1.0	0.8241838321734013	0.9036192708620135	0.06047197640117994	0.1415929203539823	1147
RefineAndMine	0.26095020436865474	0.2770359952533732	30475	1.3616068363189697	0.08030104637145996	1.0	0.8401761031440765	0.91314749899053	0.06047197640117994	0.13569321533923304	1463
RefineAndMine	0.26095020436865474	0.27105876148200236	31843	1.4214847087860107	0.08030104637145996	1.0	0.8401761031440765	0.91314749899053	0.06047197640117994	0.13569321533923304	954
RefineAndMine	0.26095020436865474	0.2709093306377181	33279	1.4828212261199951	0.08030104637145996	1.0	0.8401761031440765	0.91314749899053	0.06047197640117994	0.13569321533923304	931
RefineAndMine	0.26095020436865474	0.2708390102404079	35942	1.5984206199645996	0.08030104637145996	1.0	0.8401761031440765	0.91314749899053	0.06047197640117994	0.13569321533923304	473
RefineAndMine	0.26095020436865474	0.2705313585021756	37771	1.6800320148468018	0.08030104637145996	1.0	0.8401761031440765	0.91314749899053	0.06047197640117994	0.13421828908554573	822
RefineAndMine	0.26095020436865474	0.26960840328747854	39399	1.7448019981384277	0.08030104637145996	1.0	0.8401761031440765	0.91314749899053	0.06047197640117994	0.13421828908554573	1291
RefineAndMine	0.26095020436865474	0.2693007515492462	40815	1.807004451751709	0.08030104637145996	1.0	0.8437894841450978	0.9152774667617048	0.06047197640117994	0.13421828908554573	1021
RefineAndMine	0.26095020436865474	0.268993099811014	42198	1.8736958503723145	0.08030104637145996	1.0	0.8493306096862234	0.9185276069489052	0.06047197640117994	0.13421828908554573	920
RefineAndMine	0.26095020436865474	0.268228365490265	43602	1.9322969913482666	0.08030104637145996	1.0	0.8493306096862234	0.9185276069489052	0.06047197640117994	0.13421828908554573	919
RefineAndMine	0.26095020436865474	0.26725266997758534	46150	2.057546854019165	0.08030104637145996	1.0	0.8529553431617032	0.9206431728746393	0.06047197640117994	0.10619469026548672	1469
RefineAndMine	0.26095020436865474	0.2618907396826792	46556	2.0926742553710938	0.08030104637145996	1.0	0.8529553431617032	0.9206431728746393	0.06047197640117994	0.10619469026548672	0
RefineAndMine	0.26095020436865474	0.26102052476596493	48134	2.160236358642578	0.08030104637145996	1.0	0.8529553431617032	0.9206431728746393	0.06047197640117994	0.10619469026548672	1182
RefineAndMine	0.26095020436865474	0.26095020436865474	49607	2.226820230484009	0.08030104637145996	1.0	0.8529553431617032	0.9206431728746393	0.06047197640117994	0.10619469026548672	1138
RefineAndMine	0.26095020436865474	0.26095020436865474	53024	2.280656337738037	0.08030104637145996	1.0	0.8529553431617032	0.9206431728746393	0.06047197640117994	0.10619469026548672	2543
RefineAndMine	0.26095020436865474	0.26095020436865474	54901	2.310023546218872	0.08030104637145996	1.0	0.8529553431617032	0.9206431728746393	0.06047197640117994	0.10619469026548672	772
RefineAndMine	0.26095020436865474	0.26095020436865474	58669	2.367462396621704	0.08030104637145996	1.0	0.8529553431617032	0.9206431728746393	0.06047197640117994	0.10619469026548672	2195
RefineAndMine	0.26095020436865474	0.26095020436865474	63463	2.438542127609253	0.08030104637145996	1.0	0.8685140122597914	0.9296307189148725	0.058997050147492625	0.10619469026548672	2654
RefineAndMine	0.26095020436865474	0.26095020436865474	66793	2.4899749755859375	0.08030104637145996	1.0	0.8685140122597914	0.9296307189148725	0.058997050147492625	0.10619469026548672	1807
RefineAndMine	0.26095020436865474	0.26095020436865474	70287	2.544276237487793	0.08030104637145996	1.0	0.8705973455931246	0.930822817261165	0.058997050147492625	0.10619469026548672	2134
RefineAndMine	0.26095020436865474	0.26095020436865474	75953	2.636037588119507	0.08030104637145996	1.0	0.8744352986848092	0.9330119842475795	0.058997050147492625	0.10619469026548672	4696
RefineAndMine	0.26095020436865474	0.26095020436865474	78523	2.678757905960083	0.08030104637145996	1.0	0.8744352986848092	0.9330119842475795	0.058997050147492625	0.10619469026548672	1812
RefineAndMine	0.26095020436865474	0.26095020436865474	84743	2.7743618488311768	0.08030104637145996	1.0	0.8744352986848092	0.9330119842475795	0.058997050147492625	0.10619469026548672	4060
RefineAndMine	0.26095020436865474	0.26095020436865474	90491	2.865083932876587	0.08030104637145996	1.0	0.8744352986848092	0.9330119842475795	0.058997050147492625	0.10619469026548672	4463
RefineAndMine	0.26095020436865474	0.26095020436865474	96109	2.9550042152404785	0.08030104637145996	1.0	0.8744352986848092	0.9330119842475795	0.058997050147492625	0.10619469026548672	4381
RefineAndMine	0.26095020436865474	0.26095020436865474	100246	3.019247531890869	0.08030104637145996	1.0	0.8778265311082997	0.9349388951174349	0.058997050147492625	0.0943952802359882	2394
RefineAndMine	0.26095020436865474	0.26095020436865474	105619	3.1145145893096924	0.08030104637145996	1.0	0.8793230220949516	0.9357869953774496	0.058997050147492625	0.0943952802359882	3391
RefineAndMine	0.26095020436865474	0.26095020436865474	109998	3.1848654747009277	0.08030104637145996	1.0	0.8820258598247678	0.937315345823029	0.058997050147492625	0.0943952802359882	3184
RefineAndMine	0.26095020436865474	0.26095020436865474	117414	3.2962734699249268	0.08030104637145996	1.0	0.8930305668528475	0.9434930238210636	0.035398230088495575	0.09144542772861357	3942
RefineAndMine	0.26095020436865474	0.26095020436865474	124656	3.404033660888672	0.08030104637145996	1.0	0.8968869226985934	0.9456408939997785	0.032448377581120944	0.08849557522123894	3737
RefineAndMine	0.26095020436865474	0.26095020436865474	127824	3.452995538711548	0.08030104637145996	1.0	0.8980553744999566	0.9462899624164544	0.032448377581120944	0.08849557522123894	1068
RefineAndMine	0.26095020436865474	0.26095020436865474	127824	3.4584856033325195	0.08030104637145996	1.0	0.8980553744999566	0.9462899624164544	0.032448377581120944	0.08849557522123894	0
RefineAndMine	0.26095020436865474	0.26095020436865474	132022	3.525341510772705	0.08030104637145996	1.0	0.8980553744999566	0.9462899624164544	0.032448377581120944	0.08849557522123894	2284
RefineAndMine	0.26095020436865474	0.26095020436865474	137103	3.605433225631714	0.08030104637145996	1.0	0.8980553744999566	0.9462899624164544	0.032448377581120944	0.08849557522123894	3017
RefineAndMine	0.26095020436865474	0.26095020436865474	137228	3.613590955734253	0.08030104637145996	1.0	0.8980553744999566	0.9462899624164544	0.032448377581120944	0.08775811209439528	125
RefineAndMine	0.26095020436865474	0.26095020436865474	141326	3.680043935775757	0.08030104637145996	1.0	0.8980553744999566	0.9462899624164544	0.032448377581120944	0.08775811209439528	2111
RefineAndMine	0.26095020436865474	0.26095020436865474	145326	3.7519967555999756	0.08030104637145996	1.0	0.9039433137212292	0.949548557676841	0.032448377581120944	0.08775811209439528	1982
RefineAndMine	0.26095020436865474	0.26095020436865474	150990	3.843137502670288	0.08030104637145996	1.0	0.9039433137212292	0.949548557676841	0.032448377581120944	0.08775811209439528	3521
RefineAndMine	0.26095020436865474	0.26095020436865474	157691	3.9454567432403564	0.08030104637145996	1.0	0.9039433137212292	0.949548557676841	0.032448377581120944	0.08775811209439528	3759
RefineAndMine	0.26095020436865474	0.26095020436865474	166051	4.0754594802856445	0.08030104637145996	1.0	0.9039433137212292	0.949548557676841	0.032448377581120944	0.08775811209439528	5171
RefineAndMine	0.26095020436865474	0.26095020436865474	172410	4.174667119979858	0.08030104637145996	1.0	0.9039433137212292	0.949548557676841	0.032448377581120944	0.0855457227138643	3456
RefineAndMine	0.26095020436865474	0.26095020436865474	179951	4.301338195800781	0.08030104637145996	1.0	0.9039433137212292	0.949548557676841	0.032448377581120944	0.0855457227138643	3631
RefineAndMine	0.26095020436865474	0.26095020436865474	189198	4.43402886390686	0.08030104637145996	1.0	0.9039433137212292	0.949548557676841	0.032448377581120944	0.0855457227138643	1895
RefineAndMine	0.26095020436865474	0.26095020436865474	196482	4.555200815200806	0.08030104637145996	1.0	0.9039433137212292	0.949548557676841	0.032448377581120944	0.0855457227138643	5567
RefineAndMine	0.26095020436865474	0.26095020436865474	205873	4.691277980804443	0.08030104637145996	1.0	0.9039433137212292	0.949548557676841	0.032448377581120944	0.0855457227138643	2181
RefineAndMine	0.26095020436865474	0.26095020436865474	212144	4.797048091888428	0.08030104637145996	1.0	0.9039433137212292	0.949548557676841	0.032448377581120944	0.0855457227138643	3941
RefineAndMine	0.26095020436865474	0.26095020436865474	220142	4.92546272277832	0.08030104637145996	1.0	0.9039433137212292	0.949548557676841	0.032448377581120944	0.084070796460177	4863
RefineAndMine	0.26095020436865474	0.26095020436865474	222705	4.976123809814453	0.08030104637145996	1.0	0.9039433137212292	0.949548557676841	0.032448377581120944	0.084070796460177	1924
RefineAndMine	0.26095020436865474	0.26095020436865474	231464	5.10960578918457	0.08030104637145996	1.0	0.9039433137212292	0.949548557676841	0.032448377581120944	0.084070796460177	2961
RefineAndMine	0.26095020436865474	0.26095020436865474	237539	5.211212635040283	0.08030104637145996	1.0	0.9039433137212292	0.949548557676841	0.032448377581120944	0.084070796460177	3510
RefineAndMine	0.26095020436865474	0.26095020436865474	249658	5.408721923828125	0.08030104637145996	1.0	0.9039433137212292	0.949548557676841	0.032448377581120944	0.084070796460177	9090
RefineAndMine	0.26095020436865474	0.26095020436865474	258891	5.550872564315796	0.08030104637145996	1.0	0.9049334127311303	0.9500945352559218	0.030973451327433628	0.08333333333333333	3074
RefineAndMine	0.26095020436865474	0.26095020436865474	265335	5.657757759094238	0.08030104637145996	1.0	0.9121553674735473	0.9540598875903488	0.030973451327433628	0.08333333333333333	3070
RefineAndMine	0.26095020436865474	0.26095020436865474	278479	5.858319044113159	0.08030104637145996	1.0	0.9121553674735473	0.9540598875903488	0.030973451327433628	0.08333333333333333	6491
RefineAndMine	0.26095020436865474	0.26095020436865474	282141	5.9212563037872314	0.08030104637145996	1.0	0.9121553674735473	0.9540598875903488	0.030973451327433628	0.08333333333333333	367
RefineAndMine	0.26095020436865474	0.26095020436865474	285603	5.98800802230835	0.08030104637145996	1.0	0.9121553674735473	0.9540598875903488	0.030973451327433628	0.08333333333333333	1954
RefineAndMine	0.26095020436865474	0.26095020436865474	298199	6.210894823074341	0.08030104637145996	1.0	0.9121553674735473	0.9540598875903488	0.030973451327433628	0.08333333333333333	9074
RefineAndMine	0.26095020436865474	0.26095020436865474	302842	6.300257444381714	0.08030104637145996	1.0	0.9121553674735473	0.9540598875903488	0.030973451327433628	0.08333333333333333	3615
RefineAndMine	0.26095020436865474	0.26095020436865474	315133	6.490787029266357	0.08030104637145996	1.0	0.9136951636132133	0.954901471233362	0.030973451327433628	0.08333333333333333	5624
RefineAndMine	0.26095020436865474	0.26095020436865474	321477	6.607584476470947	0.08030104637145996	1.0	0.9136951636132133	0.954901471233362	0.030973451327433628	0.08333333333333333	5025
RefineAndMine	0.26095020436865474	0.26095020436865474	326857	6.720046043395996	0.08030104637145996	1.0	0.9136951636132133	0.954901471233362	0.030973451327433628	0.08333333333333333	5251
RefineAndMine	0.26095020436865474	0.26095020436865474	341176	6.955195903778076	0.08030104637145996	1.0	0.9136951636132133	0.954901471233362	0.030973451327433628	0.08333333333333333	9648
RefineAndMine	0.26095020436865474	0.26095020436865474	341617	6.980639934539795	0.08030104637145996	1.0	0.9136951636132133	0.954901471233362	0.030973451327433628	0.08333333333333333	0
RefineAndMine	0.26095020436865474	0.26095020436865474	350815	7.15771222114563	0.08030104637145996	1.0	0.9136951636132133	0.954901471233362	0.030973451327433628	0.08333333333333333	7230
RefineAndMine	0.26095020436865474	0.26095020436865474	356220	7.252782821655273	0.08030104637145996	1.0	0.9136951636132133	0.954901471233362	0.030973451327433628	0.08333333333333333	1891
RefineAndMine	0.26095020436865474	0.26095020436865474	367133	7.439863920211792	0.08030104637145996	1.0	0.9136951636132133	0.954901471233362	0.030973451327433628	0.08333333333333333	7135
RefineAndMine	0.26095020436865474	0.26095020436865474	384237	7.735901594161987	0.08030104637145996	1.0	0.9136951636132133	0.954901471233362	0.030973451327433628	0.08333333333333333	12207
RefineAndMine	0.26095020436865474	0.26095020436865474	396192	7.936009168624878	0.08030104637145996	1.0	0.9306366453430854	0.964072289405556	0.028023598820058997	0.07964601769911504	6198
RefineAndMine	0.26095020436865474	0.26095020436865474	404635	8.094862699508667	0.08030104637145996	1.0	0.9349505746570147	0.9663818672192618	0.028023598820058997	0.07964601769911504	3369
RefineAndMine	0.26095020436865474	0.26095020436865474	415170	8.276599884033203	0.08030104637145996	1.0	0.9349505746570147	0.9663818672192618	0.028023598820058997	0.07964601769911504	6145
RefineAndMine	0.26095020436865474	0.26095020436865474	432267	8.548656702041626	0.08030104637145996	1.0	0.9349505746570147	0.9663818672192618	0.028023598820058997	0.07964601769911504	8885
RefineAndMine	0.26095020436865474	0.26095020436865474	444444	8.776900291442871	0.08030104637145996	1.0	0.9349505746570147	0.9663818672192618	0.028023598820058997	0.07669616519174041	7782
RefineAndMine	0.26095020436865474	0.26095020436865474	453632	8.945871829986572	0.08030104637145996	1.0	0.9349505746570147	0.9663818672192618	0.028023598820058997	0.07669616519174041	5774
RefineAndMine	0.26095020436865474	0.26095020436865474	460796	9.080825567245483	0.08030104637145996	1.0	0.9349505746570147	0.9663818672192618	0.028023598820058997	0.07669616519174041	2988
RefineAndMine	0.26095020436865474	0.26095020436865474	466501	9.196050643920898	0.08030104637145996	1.0	0.9349505746570147	0.9663818672192618	0.028023598820058997	0.07669616519174041	3452
RefineAndMine	0.26095020436865474	0.26095020436865474	466501	9.225809335708618	0.08030104637145996	1.0	0.9349505746570147	0.9663818672192618	0.028023598820058997	0.07669616519174041	0
RefineAndMine	0.26095020436865474	0.26095020436865474	470290	9.326411008834839	0.08030104637145996	1.0	0.9356262503326904	0.9667426758361822	0.028023598820058997	0.07669616519174041	2622
RefineAndMine	0.26095020436865474	0.26095020436865474	491087	9.660160064697266	0.08030104637145996	1.0	0.9356262503326904	0.9667426758361822	0.028023598820058997	0.07595870206489676	12392
RefineAndMine	0.26095020436865474	0.26095020436865474	513026	10.02941608428955	0.08030104637145996	1.0	0.9356262503326904	0.9667426758361822	0.028023598820058997	0.0700589970501475	12344
RefineAndMine	0.26095020436865474	0.26095020436865474	521929	10.195496559143066	0.08030104637145996	1.0	0.9356262503326904	0.9667426758361822	0.028023598820058997	0.0700589970501475	5250
RefineAndMine	0.26095020436865474	0.26095020436865474	531999	10.375684261322021	0.08030104637145996	1.0	0.9448792623808832	0.9716585298196664	0.028023598820058997	0.0700589970501475	4317
RefineAndMine	0.26095020436865474	0.26095020436865474	546229	10.630190372467041	0.08030104637145996	1.0	0.9448792623808832	0.9716585298196664	0.028023598820058997	0.0700589970501475	10823
RefineAndMine	0.26095020436865474	0.26095020436865474	561571	10.910679578781128	0.08030104637145996	1.0	0.9448792623808832	0.9716585298196664	0.028023598820058997	0.0700589970501475	8234
RefineAndMine	0.26095020436865474	0.26095020436865474	577518	11.189621686935425	0.08030104637145996	1.0	0.9448792623808832	0.9716585298196664	0.028023598820058997	0.06784660766961652	10659
RefineAndMine	0.26095020436865474	0.26095020436865474	588829	11.421976566314697	0.08030104637145996	1.0	0.9455986868413149	0.9720387798744838	0.028023598820058997	0.06784660766961652	8228
RefineAndMine	0.26095020436865474	0.26095020436865474	598704	11.605971813201904	0.08030104637145996	1.0	0.9455986868413149	0.9720387798744838	0.028023598820058997	0.06784660766961652	4736
RefineAndMine	0.26095020436865474	0.26095020436865474	611780	11.859473466873169	0.08030104637145996	1.0	0.9455986868413149	0.9720387798744838	0.028023598820058997	0.06784660766961652	7589
RefineAndMine	0.26095020436865474	0.26095020436865474	637599	12.287829875946045	0.08030104637145996	1.0	0.9455986868413149	0.9720387798744838	0.028023598820058997	0.06784660766961652	15928
RefineAndMine	0.26095020436865474	0.26095020436865474	642515	12.408740282058716	0.08030104637145996	1.0	0.9455986868413149	0.9720387798744838	0.028023598820058997	0.06563421828908554	1412
RefineAndMine	0.26095020436865474	0.26095020436865474	658021	12.681041240692139	0.08030104637145996	1.0	0.9455986868413149	0.9720387798744838	0.028023598820058997	0.06563421828908554	7893
RefineAndMine	0.26095020436865474	0.26095020436865474	675519	13.017411947250366	0.08030104637145996	1.0	0.9455986868413149	0.9720387798744838	0.028023598820058997	0.06563421828908554	12652
RefineAndMine	0.26095020436865474	0.26095020436865474	692136	13.311458110809326	0.08030104637145996	1.0	0.9455986868413149	0.9720387798744838	0.028023598820058997	0.06563421828908554	8977
RefineAndMine	0.26095020436865474	0.26095020436865474	718786	13.773959875106812	0.08030104637145996	1.0	0.9455986868413149	0.9720387798744838	0.028023598820058997	0.06563421828908554	15697
RefineAndMine	0.26095020436865474	0.26095020436865474	735012	14.086970090866089	0.08030104637145996	1.0	0.9455986868413149	0.9720387798744838	0.028023598820058997	0.06563421828908554	7840
RefineAndMine	0.26095020436865474	0.26095020436865474	747553	14.34002423286438	0.08030104637145996	1.0	0.9455986868413149	0.9720387798744838	0.028023598820058997	0.06563421828908554	10930
RefineAndMine	0.26095020436865474	0.26095020436865474	764880	14.667117357254028	0.08030104637145996	1.0	0.9455986868413149	0.9720387798744838	0.028023598820058997	0.06563421828908554	9441
RefineAndMine	0.26095020436865474	0.26095020436865474	797093	15.224408388137817	0.08030104637145996	1.0	0.9455986868413149	0.9720387798744838	0.028023598820058997	0.06563421828908554	19151
RefineAndMine	0.26095020436865474	0.26095020436865474	801745	15.361315488815308	0.08030104637145996	1.0	0.9455986868413149	0.9720387798744838	0.028023598820058997	0.06563421828908554	3621
RefineAndMine	0.26095020436865474	0.26095020436865474	822349	15.746923208236694	0.08030104637145996	1.0	0.950526956883509	0.9746360628639875	0.028023598820058997	0.06563421828908554	12754
RefineAndMine	0.26095020436865474	0.26095020436865474	842188	16.13922381401062	0.08030104637145996	1.0	0.950526956883509	0.9746360628639875	0.028023598820058997	0.06563421828908554	14918
RefineAndMine	0.26095020436865474	0.26095020436865474	857768	16.420846700668335	0.08030104637145996	1.0	0.95153705789361	0.9751667835820149	0.02654867256637168	0.06563421828908554	3874
RefineAndMine	0.26095020436865474	0.26095020436865474	881050	16.83626413345337	0.08030104637145996	1.0	0.95153705789361	0.9751667835820149	0.02654867256637168	0.06563421828908554	9284
RefineAndMine	0.26095020436865474	0.26095020436865474	905593	17.24253010749817	0.08030104637145996	1.0	0.95153705789361	0.9751667835820149	0.02654867256637168	0.06563421828908554	7678
RefineAndMine	0.26095020436865474	0.26095020436865474	920273	17.55415439605713	0.08030104637145996	1.0	0.95153705789361	0.9751667835820149	0.02654867256637168	0.06563421828908554	8627
RefineAndMine	0.26095020436865474	0.26095020436865474	936952	17.873061180114746	0.08030104637145996	1.0	0.95153705789361	0.9751667835820149	0.02654867256637168	0.06563421828908554	9839
RefineAndMine	0.26095020436865474	0.26095020436865474	956934	18.26412582397461	0.08030104637145996	1.0	0.95153705789361	0.9751667835820149	0.02654867256637168	0.06268436578171091	10858
RefineAndMine	0.26095020436865474	0.26095020436865474	964641	18.438665628433228	0.08030104637145996	1.0	0.95153705789361	0.9751667835820149	0.02654867256637168	0.06268436578171091	817
RefineAndMine	0.26095020436865474	0.26095020436865474	983493	18.783440351486206	0.08030104637145996	1.0	0.95153705789361	0.9751667835820149	0.02654867256637168	0.06268436578171091	8003
RefineAndMine	0.26095020436865474	0.26095020436865474	1005355	19.183048725128174	0.08030104637145996	1.0	0.95153705789361	0.9751667835820149	0.02654867256637168	0.06268436578171091	8752
RefineAndMine	0.26095020436865474	0.26095020436865474	1005368	19.261116981506348	0.08030104637145996	1.0	0.95153705789361	0.9751667835820149	0.02654867256637168	0.06268436578171091	1
RefineAndMine	0.26095020436865474	0.26095020436865474	1039454	19.87510347366333	0.08030104637145996	1.0	0.95153705789361	0.9751667835820149	0.02654867256637168	0.06268436578171091	21883
RefineAndMine	0.26095020436865474	0.26095020436865474	1069126	20.38828682899475	0.08030104637145996	1.0	0.95153705789361	0.9751667835820149	0.02654867256637168	0.06268436578171091	7838
RefineAndMine	0.26095020436865474	0.26095020436865474	1086076	20.710761308670044	0.08030104637145996	1.0	0.95153705789361	0.9751667835820149	0.02654867256637168	0.06268436578171091	5597
RefineAndMine	0.26095020436865474	0.26095020436865474	1099021	20.959059953689575	0.08030104637145996	1.0	0.95153705789361	0.9751667835820149	0.02654867256637168	0.06268436578171091	46
RefineAndMine	0.26095020436865474	0.26095020436865474	1138762	21.564154624938965	0.08030104637145996	1.0	0.95153705789361	0.9751667835820149	0.02654867256637168	0.059734513274336286	3607
RefineAndMine	0.26095020436865474	0.26095020436865474	1176390	22.165990352630615	0.08030104637145996	1.0	0.95153705789361	0.9751667835820149	0.02654867256637168	0.05088495575221239	3355
RefineAndMine	0.26095020436865474	0.26095020436865474	1176390	22.259361505508423	0.08030104637145996	1.0	0.95153705789361	0.9751667835820149	0.02654867256637168	0.05088495575221239	0
RefineAndMine	0.26095020436865474	0.26095020436865474	1206050	22.79751682281494	0.08030104637145996	1.0	0.953557259913812	0.9762265785399926	0.02359882005899705	0.05088495575221239	16964
RefineAndMine	0.26095020436865474	0.26095020436865474	1222032	23.121798753738403	0.08030104637145996	1.0	0.953557259913812	0.9762265785399926	0.02359882005899705	0.05088495575221239	6984
RefineAndMine	0.26095020436865474	0.26095020436865474	1237485	23.439773559570312	0.08030104637145996	1.0	0.953557259913812	0.9762265785399926	0.02359882005899705	0.05088495575221239	4957
RefineAndMine	0.26095020436865474	0.26095020436865474	1252260	23.77520179748535	0.08030104637145996	1.0	0.953557259913812	0.9762265785399926	0.02359882005899705	0.05088495575221239	6761
RefineAndMine	0.26095020436865474	0.26095020436865474	1272605	24.163891553878784	0.08030104637145996	1.0	0.953557259913812	0.9762265785399926	0.02359882005899705	0.05088495575221239	7625
RefineAndMine	0.26095020436865474	0.26095020436865474	1292517	24.55755352973938	0.08030104637145996	1.0	0.953557259913812	0.9762265785399926	0.02359882005899705	0.05088495575221239	9562
RefineAndMine	0.26095020436865474	0.26095020436865474	1335414	25.22639036178589	0.08030104637145996	1.0	0.953557259913812	0.9762265785399926	0.02359882005899705	0.05088495575221239	3776
RefineAndMine	0.26095020436865474	0.26095020436865474	1356930	25.689054012298584	0.08030104637145996	1.0	0.953557259913812	0.9762265785399926	0.02359882005899705	0.05088495575221239	13278
RefineAndMine	0.26095020436865474	0.26095020436865474	1379492	26.141412496566772	0.08030104637145996	1.0	0.953557259913812	0.9762265785399926	0.02359882005899705	0.05088495575221239	14729
RefineAndMine	0.26095020436865474	0.26095020436865474	1401212	26.550512075424194	0.08030104637145996	1.0	0.953557259913812	0.9762265785399926	0.02359882005899705	0.05088495575221239	5332
RefineAndMine	0.26095020436865474	0.26095020436865474	1417991	26.90329360961914	0.08030104637145996	1.0	0.953557259913812	0.9762265785399926	0.02359882005899705	0.05088495575221239	6725
RefineAndMine	0.26095020436865474	0.26095020436865474	1443791	27.432892322540283	0.08030104637145996	1.0	0.953557259913812	0.9762265785399926	0.02359882005899705	0.05088495575221239	21336
RefineAndMine	0.26095020436865474	0.26095020436865474	1479076	28.14245843887329	0.08030104637145996	1.0	0.9550950256306823	0.9770318200493442	0.02359882005899705	0.05088495575221239	24172
RefineAndMine	0.26095020436865474	0.26095020436865474	1504333	28.66691303253174	0.08030104637145996	1.0	0.959554514132724	0.9793598567554134	0.02064896755162242	0.05088495575221239	9825
RefineAndMine	0.26095020436865474	0.26095020436865474	1541879	29.32505178451538	0.08030104637145996	1.0	0.9683595455792646	0.9839254700739017	0.016224188790560472	0.05088495575221239	14929
RefineAndMine	0.26095020436865474	0.26095020436865474	1564770	29.76534605026245	0.08030104637145996	1.0	0.9683595455792646	0.9839254700739017	0.016224188790560472	0.05088495575221239	4092
RefineAndMine	0.26095020436865474	0.26095020436865474	1589250	30.258872747421265	0.08030104637145996	1.0	0.9683595455792646	0.9839254700739017	0.016224188790560472	0.049410029498525077	13547
RefineAndMine	0.26095020436865474	0.26095020436865474	1610362	30.714405298233032	0.08030104637145996	1.0	0.9683595455792646	0.9839254700739017	0.016224188790560472	0.049410029498525077	14076
RefineAndMine	0.26095020436865474	0.26095020436865474	1648786	31.412943363189697	0.08030104637145996	1.0	0.9683595455792646	0.9839254700739017	0.016224188790560472	0.049410029498525077	11246
RefineAndMine	0.26095020436865474	0.26095020436865474	1663519	31.80389976501465	0.08030104637145996	1.0	0.9683595455792646	0.9839254700739017	0.016224188790560472	0.049410029498525077	8368
RefineAndMine	0.26095020436865474	0.26095020436865474	1680137	32.171536684036255	0.08030104637145996	1.0	0.9683595455792646	0.9839254700739017	0.016224188790560472	0.049410029498525077	4749
RefineAndMine	0.26095020436865474	0.26095020436865474	1710084	32.736392974853516	0.08030104637145996	1.0	0.9683595455792646	0.9839254700739017	0.016224188790560472	0.048672566371681415	11291
RefineAndMine	0.26095020436865474	0.26095020436865474	1738396	33.276931285858154	0.08030104637145996	1.0	0.9683595455792646	0.9839254700739017	0.016224188790560472	0.048672566371681415	5498
RefineAndMine	0.26095020436865474	0.26095020436865474	1788950	34.07769417762756	0.08030104637145996	1.0	0.9683595455792646	0.9839254700739017	0.016224188790560472	0.048672566371681415	1215
RefineAndMine	0.26095020436865474	0.26095020436865474	1833900	34.92534613609314	0.08030104637145996	1.0	0.9683595455792646	0.9839254700739017	0.016224188790560472	0.048672566371681415	24925
RefineAndMine	0.26095020436865474	0.26095020436865474	1849198	35.33438730239868	0.08030104637145996	1.0	0.9699460077685826	0.9847437482484811	0.016224188790560472	0.048672566371681415	4980
RefineAndMine	0.26095020436865474	0.26095020436865474	1888343	36.09812951087952	0.08030104637145996	1.0	0.9699460077685826	0.9847437482484811	0.016224188790560472	0.048672566371681415	17815
RefineAndMine	0.26095020436865474	0.26095020436865474	1919291	36.7012996673584	0.08030104637145996	1.0	0.9699460077685826	0.9847437482484811	0.016224188790560472	0.048672566371681415	13188
RefineAndMine	0.26095020436865474	0.26095020436865474	1968723	37.658923625946045	0.08030104637145996	1.0	0.9699460077685826	0.9847437482484811	0.016224188790560472	0.048672566371681415	30457
RefineAndMine	0.26095020436865474	0.26095020436865474	2011075	38.42853808403015	0.08030104637145996	1.0	0.9699460077685826	0.9847437482484811	0.016224188790560472	0.048672566371681415	16620
RefineAndMine	0.26095020436865474	0.26095020436865474	2033542	38.91895365715027	0.08030104637145996	1.0	0.9699460077685826	0.9847437482484811	0.016224188790560472	0.048672566371681415	9260
RefineAndMine	0.26095020436865474	0.26095020436865474	2085643	39.963624477386475	0.08030104637145996	1.0	0.9699460077685826	0.9847437482484811	0.016224188790560472	0.048672566371681415	33467
RefineAndMine	0.26095020436865474	0.26095020436865474	2085643	40.127909660339355	0.08030104637145996	1.0	0.9699460077685826	0.9847437482484811	0.016224188790560472	0.048672566371681415	0
RefineAndMine	0.26095020436865474	0.26095020436865474	2127405	40.907066822052	0.08030104637145996	1.0	0.9739460077685825	0.9868010613619215	0.016224188790560472	0.048672566371681415	21613
RefineAndMine	0.26095020436865474	0.26095020436865474	2154389	41.445695877075195	0.08030104637145996	1.0	0.9739460077685825	0.9868010613619215	0.016224188790560472	0.048672566371681415	6631
RefineAndMine	0.26095020436865474	0.26095020436865474	2214731	42.639556884765625	0.08030104637145996	1.0	0.9755853520308776	0.9876418156552819	0.016224188790560472	0.048672566371681415	39637
RefineAndMine	0.26095020436865474	0.26095020436865474	2273227	43.776347160339355	0.08030104637145996	1.0	0.9755853520308776	0.9876418156552819	0.016224188790560472	0.048672566371681415	25752
RefineAndMine	0.26095020436865474	0.26095020436865474	2273227	43.96001315116882	0.08030104637145996	1.0	0.9755853520308776	0.9876418156552819	0.016224188790560472	0.048672566371681415	0
RefineAndMine	0.26095020436865474	0.26095020436865474	2292211	44.412779569625854	0.08030104637145996	1.0	0.9755853520308776	0.9876418156552819	0.016224188790560472	0.048672566371681415	8563
RefineAndMine	0.26095020436865474	0.26095020436865474	2337226	45.238816261291504	0.08030104637145996	1.0	0.9755853520308776	0.9876418156552819	0.016224188790560472	0.04793510324483776	17110
RefineAndMine	0.26095020436865474	0.26095020436865474	2339945	45.488378286361694	0.08030104637145996	1.0	0.9755853520308776	0.9876418156552819	0.016224188790560472	0.0471976401179941	2487
RefineAndMine	0.26095020436865474	0.26095020436865474	2411485	46.62220764160156	0.08030104637145996	1.0	0.9755853520308776	0.9876418156552819	0.016224188790560472	0.0471976401179941	5451
RefineAndMine	0.26095020436865474	0.26095020436865474	2447435	47.30888056755066	0.08030104637145996	1.0	0.9755853520308776	0.9876418156552819	0.016224188790560472	0.0471976401179941	7643
RefineAndMine	0.26095020436865474	0.26095020436865474	2475088	47.90653705596924	0.08030104637145996	1.0	0.9755853520308776	0.9876418156552819	0.016224188790560472	0.0471976401179941	9785
RefineAndMine	0.26095020436865474	0.26095020436865474	2514068	48.711280822753906	0.08030104637145996	1.0	0.9755853520308776	0.9876418156552819	0.016224188790560472	0.0471976401179941	17943
RefineAndMine	0.26095020436865474	0.26095020436865474	2540643	49.34242868423462	0.08030104637145996	1.0	0.9755853520308776	0.9876418156552819	0.016224188790560472	0.0471976401179941	15348
RefineAndMine	0.26095020436865474	0.26095020436865474	2609146	50.662355184555054	0.08030104637145996	1.0	0.9755853520308776	0.9876418156552819	0.016224188790560472	0.0471976401179941	37468
RefineAndMine	0.26095020436865474	0.26095020436865474	2670296	51.692928075790405	0.08030104637145996	1.0	0.9755853520308776	0.9876418156552819	0.016224188790560472	0.0471976401179941	6640
RefineAndMine	0.26095020436865474	0.26095020436865474	2682828	52.06976866722107	0.08030104637145996	1.0	0.9755853520308776	0.9876418156552819	0.016224188790560472	0.0471976401179941	972
RefineAndMine	0.26095020436865474	0.26095020436865474	2753936	53.461336612701416	0.08030104637145996	1.0	0.9770242009517409	0.9883785949422376	0.016224188790560472	0.0471976401179941	43406
RefineAndMine	0.26095020436865474	0.26095020436865474	2784284	54.0900821685791	0.08030104637145996	1.0	0.9770242009517409	0.9883785949422376	0.016224188790560472	0.0471976401179941	10563
RefineAndMine	0.26095020436865474	0.26095020436865474	2837871	55.09581279754639	0.08030104637145996	1.0	0.9770242009517409	0.9883785949422376	0.016224188790560472	0.0471976401179941	16763
RefineAndMine	0.26095020436865474	0.26095020436865474	2843634	55.439337491989136	0.08030104637145996	1.0	0.9770242009517409	0.9883785949422376	0.016224188790560472	0.0471976401179941	5584
RefineAndMine	0.26095020436865474	0.26095020436865474	2863342	55.933133125305176	0.08030104637145996	1.0	0.9770242009517409	0.9883785949422376	0.016224188790560472	0.0471976401179941	8521
RefineAndMine	0.26095020436865474	0.26095020436865474	2904000	56.76720595359802	0.08030104637145996	1.0	0.9770242009517409	0.9883785949422376	0.016224188790560472	0.0471976401179941	15896
RefineAndMine	0.26095020436865474	0.26095020436865474	2933380	57.39808964729309	0.08030104637145996	1.0	0.9770242009517409	0.9883785949422376	0.016224188790560472	0.0471976401179941	8559
RefineAndMine	0.26095020436865474	0.26095020436865474	2962829	58.02270269393921	0.08030104637145996	1.0	0.9770242009517409	0.9883785949422376	0.016224188790560472	0.0471976401179941	7277
RefineAndMine	0.26095020436865474	0.26095020436865474	2987948	58.60706281661987	0.08030104637145996	1.0	0.9770242009517409	0.9883785949422376	0.016224188790560472	0.0471976401179941	9507
RefineAndMine	0.26095020436865474	0.26095020436865474	3018988	59.280620098114014	0.08030104637145996	1.0	0.9770242009517409	0.9883785949422376	0.016224188790560472	0.043510324483775814	11510
RefineAndMine	0.26095020436865474	0.26095020436865474	3048660	59.98445200920105	0.08030104637145996	1.0	0.9770242009517409	0.9883785949422376	0.016224188790560472	0.043510324483775814	15266
RefineAndMine	0.26095020436865474	0.26095020436865474	3096837	61.042322874069214	0.08030104637145996	1.0	0.9785167382651737	0.9891417336435255	0.016224188790560472	0.043510324483775814	36856
RefineAndMine	0.26095020436865474	0.26095020436865474	3151229	62.152915477752686	0.08030104637145996	1.0	0.9785167382651737	0.9891417336435255	0.016224188790560472	0.043510324483775814	27733
RefineAndMine	0.26095020436865474	0.26095020436865474	3231824	63.85108971595764	0.08030104637145996	1.0	0.9785167382651737	0.9891417336435255	0.016224188790560472	0.043510324483775814	59131
RefineAndMine	0.26095020436865474	0.26095020436865474	3273469	64.92215871810913	0.08030104637145996	1.0	0.9785167382651737	0.9891417336435255	0.016224188790560472	0.043510324483775814	29412
RefineAndMine	0.26095020436865474	0.26095020436865474	3325533	65.99150061607361	0.08030104637145996	1.0	0.9785167382651737	0.9891417336435255	0.016224188790560472	0.043510324483775814	20465
RefineAndMine	0.26095020436865474	0.26095020436865474	3352298	66.60172772407532	0.08030104637145996	1.0	0.9796925501352746	0.9897421193693244	0.014749262536873156	0.043510324483775814	1200
RefineAndMine	0.26095020436865474	0.26095020436865474	3365667	67.03070545196533	0.08030104637145996	1.0	0.9796925501352746	0.9897421193693244	0.014749262536873156	0.043510324483775814	0
RefineAndMine	0.26095020436865474	0.26095020436865474	3418858	68.05353212356567	0.08030104637145996	1.0	0.9796925501352746	0.9897421193693244	0.014749262536873156	0.043510324483775814	18339
RefineAndMine	0.26095020436865474	0.26095020436865474	3419015	68.31303405761719	0.08030104637145996	1.0	0.9796925501352746	0.9897421193693244	0.014749262536873156	0.043510324483775814	157
RefineAndMine	0.26095020436865474	0.26095020436865474	3437060	68.85388803482056	0.08030104637145996	1.0	0.9796925501352746	0.9897421193693244	0.014749262536873156	0.043510324483775814	8245
RefineAndMine	0.26095020436865474	0.26095020436865474	3524152	70.6456413269043	0.08030104637145996	1.0	0.9796925501352746	0.9897421193693244	0.014749262536873156	0.043510324483775814	56480
RefineAndMine	0.26095020436865474	0.26095020436865474	3564325	71.43373966217041	0.08030104637145996	1.0	0.9796925501352746	0.9897421193693244	0.014749262536873156	0.043510324483775814	93
RefineAndMine	0.26095020436865474	0.26095020436865474	3581263	72.00310134887695	0.08030104637145996	1.0	0.9796925501352746	0.9897421193693244	0.014749262536873156	0.043510324483775814	16938
RefineAndMine	0.26095020436865474	0.26095020436865474	3621740	72.91303014755249	0.08030104637145996	1.0	0.9796925501352746	0.9897421193693244	0.014749262536873156	0.043510324483775814	20111
RefineAndMine	0.26095020436865474	0.26095020436865474	3676888	74.05508399009705	0.08030104637145996	1.0	0.9796925501352746	0.9897421193693244	0.014749262536873156	0.043510324483775814	24651
RefineAndMine	0.26095020436865474	0.26095020436865474	3759206	75.73236227035522	0.08030104637145996	1.0	0.9796925501352746	0.9897421193693244	0.014749262536873156	0.043510324483775814	45217
RefineAndMine	0.26095020436865474	0.26095020436865474	3796351	76.61837220191956	0.08030104637145996	1.0	0.9796925501352746	0.9897421193693244	0.014749262536873156	0.03982300884955752	15597
RefineAndMine	0.26095020436865474	0.26095020436865474	3842278	77.58803606033325	0.08030104637145996	1.0	0.9796925501352746	0.9897421193693244	0.014749262536873156	0.038348082595870206	16821
RefineAndMine	0.26095020436865474	0.26095020436865474	3924462	79.2303900718689	0.08030104637145996	1.0	0.9796925501352746	0.9897421193693244	0.014749262536873156	0.03687315634218289	50996
RefineAndMine	0.26095020436865474	0.26095020436865474	3960701	80.10833311080933	0.08030104637145996	1.0	0.9796925501352746	0.9897421193693244	0.014749262536873156	0.03687315634218289	15067
RefineAndMine	0.26095020436865474	0.26095020436865474	3984052	80.76854705810547	0.08030104637145996	1.0	0.9796925501352746	0.9897421193693244	0.014749262536873156	0.03687315634218289	6017
RefineAndMine	0.26095020436865474	0.26095020436865474	4008305	81.39732837677002	0.08030104637145996	1.0	0.9796925501352746	0.9897421193693244	0.014749262536873156	0.03687315634218289	7620
RefineAndMine	0.26095020436865474	0.26095020436865474	4023052	81.94763159751892	0.08030104637145996	1.0	0.9796925501352746	0.9897421193693244	0.014749262536873156	0.03687315634218289	9405
RefineAndMine	0.26095020436865474	0.26095020436865474	4056127	82.71997618675232	0.08030104637145996	1.0	0.9796925501352746	0.9897421193693244	0.014749262536873156	0.03687315634218289	13410
RefineAndMine	0.26095020436865474	0.26095020436865474	4100409	83.68396139144897	0.08030104637145996	1.0	0.9796925501352746	0.9897421193693244	0.014749262536873156	0.03687315634218289	16478
RefineAndMine	0.26095020436865474	0.26095020436865474	4154833	84.78977584838867	0.08030104637145996	1.0	0.9796925501352746	0.9897421193693244	0.014749262536873156	0.03687315634218289	19655
RefineAndMine	0.26095020436865474	0.26095020436865474	4164373	85.21915364265442	0.08030104637145996	1.0	0.9796925501352746	0.9897421193693244	0.014749262536873156	0.03687315634218289	0
RefineAndMine	0.26095020436865474	0.26095020436865474	4206462	86.12356209754944	0.08030104637145996	1.0	0.9796925501352746	0.9897421193693244	0.014749262536873156	0.03687315634218289	12916
RefineAndMine	0.26095020436865474	0.26095020436865474	4233653	86.85498189926147	0.08030104637145996	1.0	0.9796925501352746	0.9897421193693244	0.014749262536873156	0.03687315634218289	10141
RefineAndMine	0.26095020436865474	0.26095020436865474	4260819	87.60419416427612	0.08030104637145996	1.0	0.9796925501352746	0.9897421193693244	0.014749262536873156	0.03687315634218289	9074
RefineAndMine	0.26095020436865474	0.26095020436865474	4326849	88.93877530097961	0.08030104637145996	1.0	0.9796925501352746	0.9897421193693244	0.014749262536873156	0.03392330383480826	29807
RefineAndMine	0.26095020436865474	0.26095020436865474	4373498	89.92154717445374	0.08030104637145996	1.0	0.9796925501352746	0.9897421193693244	0.014749262536873156	0.03392330383480826	15588
RefineAndMine	0.26095020436865474	0.26095020436865474	4479945	91.9393880367279	0.08030104637145996	1.0	0.9796925501352746	0.9897421193693244	0.014749262536873156	0.03392330383480826	52348
RefineAndMine	0.26095020436865474	0.26095020436865474	4567230	93.63894557952881	0.08030104637145996	1.0	0.9796925501352746	0.9897421193693244	0.014749262536873156	0.03392330383480826	47198
RefineAndMine	0.26095020436865474	0.26095020436865474	4623347	94.81899619102478	0.08030104637145996	1.0	0.9796925501352746	0.9897421193693244	0.014749262536873156	0.03392330383480826	27218
RefineAndMine	0.26095020436865474	0.26095020436865474	4643416	95.50339341163635	0.08030104637145996	1.0	0.9796925501352746	0.9897421193693244	0.014749262536873156	0.03392330383480826	9299
RefineAndMine	0.26095020436865474	0.26095020436865474	4673339	96.27622318267822	0.08030104637145996	1.0	0.9796925501352746	0.9897421193693244	0.014749262536873156	0.03392330383480826	13684
RefineAndMine	0.26095020436865474	0.26095020436865474	4679443	96.68389201164246	0.08030104637145996	1.0	0.9796925501352746	0.9897421193693244	0.014749262536873156	0.03392330383480826	0
RefineAndMine	0.26095020436865474	0.26095020436865474	4709193	97.43099617958069	0.08030104637145996	1.0	0.9796925501352746	0.9897421193693244	0.014749262536873156	0.03392330383480826	8307
RefineAndMine	0.26095020436865474	0.26095020436865474	4756131	98.4712438583374	0.08030104637145996	1.0	0.9890560752270737	0.9944979304961642	0.0058997050147492625	0.03392330383480826	17228
RefineAndMine	0.26095020436865474	0.26095020436865474	4806928	99.6497950553894	0.08030104637145996	1.0	0.9890560752270737	0.9944979304961642	0.0058997050147492625	0.03392330383480826	38379
RefineAndMine	0.26095020436865474	0.26095020436865474	4841659	100.58650231361389	0.08030104637145996	1.0	0.9890560752270737	0.9944979304961642	0.0058997050147492625	0.03392330383480826	18766
RefineAndMine	0.26095020436865474	0.26095020436865474	4948973	102.9043345451355	0.08030104637145996	1.0	0.9890560752270737	0.9944979304961642	0.0058997050147492625	0.03392330383480826	68727
RefineAndMine	0.26095020436865474	0.26095020436865474	4980788	103.79936242103577	0.08030104637145996	1.0	0.9890560752270737	0.9944979304961642	0.0058997050147492625	0.03392330383480826	9805
RefineAndMine	0.26095020436865474	0.26095020436865474	5044759	105.28057146072388	0.08030104637145996	1.0	0.9890560752270737	0.9944979304961642	0.0058997050147492625	0.03392330383480826	44341
RefineAndMine	0.26095020436865474	0.26095020436865474	5131447	107.29057025909424	0.08030104637145996	1.0	0.9890560752270737	0.9944979304961642	0.0058997050147492625	0.03392330383480826	59318
RefineAndMine	0.26095020436865474	0.26095020436865474	5171124	108.3221321105957	0.08030104637145996	1.0	0.9890560752270737	0.9944979304961642	0.0058997050147492625	0.03392330383480826	18852
RefineAndMine	0.26095020436865474	0.26095020436865474	5199404	109.11366558074951	0.08030104637145996	1.0	0.9890560752270737	0.9944979304961642	0.0058997050147492625	0.03392330383480826	16871
RefineAndMine	0.26095020436865474	0.26095020436865474	5299804	111.13796782493591	0.08030104637145996	1.0	0.9890560752270737	0.9944979304961642	0.0058997050147492625	0.03392330383480826	46705
RefineAndMine	0.26095020436865474	0.26095020436865474	5336086	112.1054790019989	0.08030104637145996	1.0	0.9890560752270737	0.9944979304961642	0.0058997050147492625	0.03392330383480826	12756
RefineAndMine	0.26095020436865474	0.26095020436865474	5343133	112.574063539505	0.08030104637145996	1.0	0.9890560752270737	0.9944979304961642	0.0058997050147492625	0.03392330383480826	2021
RefineAndMine	0.26095020436865474	0.26095020436865474	5390576	113.6873550415039	0.08030104637145996	1.0	0.9890560752270737	0.9944979304961642	0.0058997050147492625	0.03392330383480826	21065
RefineAndMine	0.26095020436865474	0.26095020436865474	5448432	114.94802355766296	0.08030104637145996	1.0	0.9919526884178047	0.9959600889976021	0.0058997050147492625	0.03392330383480826	25400
RefineAndMine	0.26095020436865474	0.26095020436865474	5504488	116.31190896034241	0.08030104637145996	1.0	0.9919526884178047	0.9959600889976021	0.0058997050147492625	0.03392330383480826	28447
RefineAndMine	0.26095020436865474	0.26095020436865474	5515409	116.82453107833862	0.08030104637145996	1.0	0.9919526884178047	0.9959600889976021	0.0058997050147492625	0.03392330383480826	0
RefineAndMine	0.26095020436865474	0.26095020436865474	5560582	117.84178185462952	0.08030104637145996	1.0	0.9919526884178047	0.9959600889976021	0.0058997050147492625	0.03392330383480826	13620
RefineAndMine	0.26095020436865474	0.26095020436865474	5599825	118.85167503356934	0.08030104637145996	1.0	0.9919526884178047	0.9959600889976021	0.0058997050147492625	0.03392330383480826	18412
RefineAndMine	0.26095020436865474	0.26095020436865474	5706310	120.70165729522705	0.08030104637145996	1.0	0.9919526884178047	0.9959600889976021	0.0058997050147492625	0.03392330383480826	10572
RefineAndMine	0.26095020436865474	0.26095020436865474	5803246	122.88027167320251	0.08030104637145996	1.0	0.9919526884178047	0.9959600889976021	0.0058997050147492625	0.03392330383480826	73889
RefineAndMine	0.26095020436865474	0.26095020436865474	5836509	123.73560619354248	0.08030104637145996	1.0	0.9934678399329563	0.9967232177333427	0.0058997050147492625	0.03392330383480826	6903
RefineAndMine	0.26095020436865474	0.26095020436865474	5863267	124.53576445579529	0.08030104637145996	1.0	0.9934678399329563	0.9967232177333427	0.0058997050147492625	0.03392330383480826	3986
RefineAndMine	0.26095020436865474	0.26095020436865474	5930685	126.0660650730133	0.08030104637145996	1.0	0.9934678399329563	0.9967232177333427	0.0058997050147492625	0.03392330383480826	35223
RefineAndMine	0.26095020436865474	0.26095020436865474	6026223	128.01795983314514	0.08030104637145996	1.0	0.9934678399329563	0.9967232177333427	0.0058997050147492625	0.03392330383480826	41162
RefineAndMine	0.26095020436865474	0.26095020436865474	6125704	130.12775254249573	0.08030104637145996	1.0	0.9934678399329563	0.9967232177333427	0.0058997050147492625	0.033185840707964605	42365
RefineAndMine	0.26095020436865474	0.26095020436865474	6163548	131.31657528877258	0.08030104637145996	1.0	0.9934678399329563	0.9967232177333427	0.0058997050147492625	0.033185840707964605	30473
RefineAndMine	0.26095020436865474	0.26095020436865474	6256689	132.97479486465454	0.08030104637145996	1.0	0.9934678399329563	0.9967232177333427	0.0058997050147492625	0.033185840707964605	1921
RefineAndMine	0.26095020436865474	0.26095020436865474	6275146	133.67246794700623	0.08030104637145996	1.0	0.9934678399329563	0.9967232177333427	0.0058997050147492625	0.033185840707964605	6268
RefineAndMine	0.26095020436865474	0.26095020436865474	6313553	134.69003653526306	0.08030104637145996	1.0	0.9934678399329563	0.9967232177333427	0.0058997050147492625	0.033185840707964605	15764
RefineAndMine	0.26095020436865474	0.26095020436865474	6359825	135.75011205673218	0.08030104637145996	1.0	0.9934678399329563	0.9967232177333427	0.0058997050147492625	0.033185840707964605	2702
RefineAndMine	0.26095020436865474	0.26095020436865474	6361836	136.2174518108368	0.08030104637145996	1.0	0.9934678399329563	0.9967232177333427	0.0058997050147492625	0.033185840707964605	2011
RefineAndMine	0.26095020436865474	0.26095020436865474	6439408	137.7066469192505	0.08030104637145996	1.0	0.9934678399329563	0.9967232177333427	0.0058997050147492625	0.033185840707964605	5695
RefineAndMine	0.26095020436865474	0.26095020436865474	6464485	138.51725816726685	0.08030104637145996	1.0	0.9934678399329563	0.9967232177333427	0.0058997050147492625	0.033185840707964605	14051
RefineAndMine	0.26095020436865474	0.26095020436865474	6522157	140.09251713752747	0.08030104637145996	1.0	0.9961705426356587	0.9980815980986851	0.0029498525073746312	0.033185840707964605	51090
RefineAndMine	0.26095020436865474	0.26095020436865474	6548066	140.87182235717773	0.08030104637145996	1.0	0.9961705426356587	0.9980815980986851	0.0029498525073746312	0.032448377581120944	154
RefineAndMine	0.26095020436865474	0.26095020436865474	6569517	141.61209797859192	0.08030104637145996	1.0	0.9961705426356587	0.9980815980986851	0.0029498525073746312	0.032448377581120944	2888
RefineAndMine	0.26095020436865474	0.26095020436865474	6639887	143.21928811073303	0.08030104637145996	1.0	0.9961705426356587	0.9980815980986851	0.0029498525073746312	0.032448377581120944	38318
RefineAndMine	0.26095020436865474	0.26095020436865474	6657627	143.9473147392273	0.08030104637145996	1.0	0.9961705426356587	0.9980815980986851	0.0029498525073746312	0.032448377581120944	10682
RefineAndMine	0.26095020436865474	0.26095020436865474	6658128	144.41621327400208	0.08030104637145996	1.0	0.9961705426356587	0.9980815980986851	0.0029498525073746312	0.032448377581120944	84
RefineAndMine	0.26095020436865474	0.26095020436865474	6683065	145.26735973358154	0.08030104637145996	1.0	0.9961705426356587	0.9980815980986851	0.0029498525073746312	0.032448377581120944	11249
RefineAndMine	0.26095020436865474	0.26095020436865474	6801517	147.41136622428894	0.08030104637145996	1.0	0.9961705426356587	0.9980815980986851	0.0029498525073746312	0.032448377581120944	13540
RefineAndMine	0.26095020436865474	0.26095020436865474	6807460	148.00098061561584	0.08030104637145996	1.0	0.9961705426356587	0.9980815980986851	0.0029498525073746312	0.032448377581120944	4258
RefineAndMine	0.26095020436865474	0.26095020436865474	6822828	148.71457624435425	0.08030104637145996	1.0	0.9961705426356587	0.9980815980986851	0.0029498525073746312	0.032448377581120944	9447
RefineAndMine	0.26095020436865474	0.26095020436865474	6840099	149.4501452445984	0.08030104637145996	1.0	0.9961705426356587	0.9980815980986851	0.0029498525073746312	0.032448377581120944	7835
RefineAndMine	0.26095020436865474	0.26095020436865474	6998243	152.6469156742096	0.08030104637145996	1.0	0.9961705426356587	0.9980815980986851	0.0029498525073746312	0.03171091445427729	95997
RefineAndMine	0.26095020436865474	0.26095020436865474	7081456	154.45815467834473	0.08030104637145996	1.0	0.9961705426356587	0.9980815980986851	0.0029498525073746312	0.03171091445427729	30932
RefineAndMine	0.26095020436865474	0.26095020436865474	7201929	156.94919276237488	0.08030104637145996	1.0	0.9961705426356587	0.9980815980986851	0.0029498525073746312	0.03171091445427729	67284
RefineAndMine	0.26095020436865474	0.26095020436865474	7287847	158.904639005661	0.08030104637145996	1.0	0.9961705426356587	0.9980815980986851	0.0029498525073746312	0.03171091445427729	31234
RefineAndMine	0.26095020436865474	0.26095020436865474	7378317	161.0466170310974	0.08030104637145996	1.0	0.9961705426356587	0.9980815980986851	0.0029498525073746312	0.03171091445427729	50740
RefineAndMine	0.26095020436865474	0.26095020436865474	7436948	162.666442155838	0.08030104637145996	1.0	0.9988372093023254	0.9994182664339731	0.0014749262536873156	0.03171091445427729	38813
RefineAndMine	0.26095020436865474	0.26095020436865474	7436948	163.17216396331787	0.08030104637145996	1.0	0.9988372093023254	0.9994182664339731	0.0014749262536873156	0.03171091445427729	0
RefineAndMine	0.26095020436865474	0.26095020436865474	7478429	164.28162217140198	0.08030104637145996	1.0	0.9988372093023254	0.9994182664339731	0.0014749262536873156	0.03171091445427729	12765
RefineAndMine	0.26095020436865474	0.26095020436865474	7521701	165.50323581695557	0.08030104637145996	1.0	0.9988372093023254	0.9994182664339731	0.0014749262536873156	0.03171091445427729	35634
RefineAndMine	0.26095020436865474	0.26095020436865474	7538812	166.29059267044067	0.08030104637145996	1.0	0.9988372093023254	0.9994182664339731	0.0014749262536873156	0.03171091445427729	11760
RefineAndMine	0.26095020436865474	0.26095020436865474	7611019	168.01561784744263	0.08030104637145996	1.0	0.9988372093023254	0.9994182664339731	0.0014749262536873156	0.03171091445427729	37811
RefineAndMine	0.26095020436865474	0.26095020436865474	7675099	169.85812664031982	0.08030104637145996	1.0	0.9988372093023254	0.9994182664339731	0.0014749262536873156	0.03171091445427729	49019
RefineAndMine	0.26095020436865474	0.26095020436865474	7679753	170.43301248550415	0.08030104637145996	1.0	0.9988372093023254	0.9994182664339731	0.0014749262536873156	0.03171091445427729	3
RefineAndMine	0.26095020436865474	0.26095020436865474	7686057	171.07802510261536	0.08030104637145996	1.0	0.9988372093023254	0.9994182664339731	0.0014749262536873156	0.03171091445427729	4871
RefineAndMine	0.26095020436865474	0.26095020436865474	7695123	171.71660614013672	0.08030104637145996	1.0	0.9988372093023254	0.9994182664339731	0.0014749262536873156	0.03171091445427729	0
RefineAndMine	0.26095020436865474	0.26095020436865474	7777593	173.5341353416443	0.08030104637145996	1.0	0.9988372093023254	0.9994182664339731	0.0014749262536873156	0.03171091445427729	39792
RefineAndMine	0.26095020436865474	0.26095020436865474	7829974	174.8931336402893	0.08030104637145996	1.0	0.9988372093023254	0.9994182664339731	0.0014749262536873156	0.03171091445427729	18890
RefineAndMine	0.26095020436865474	0.26095020436865474	7838598	175.5333902835846	0.08030104637145996	1.0	0.9988372093023254	0.9994182664339731	0.0014749262536873156	0.03171091445427729	0
RefineAndMine	0.26095020436865474	0.26095020436865474	7848108	176.2062122821808	0.08030104637145996	1.0	0.9988372093023254	0.9994182664339731	0.0014749262536873156	0.03171091445427729	6459
RefineAndMine	0.26095020436865474	0.26095020436865474	7848258	176.72851848602295	0.08030104637145996	1.0	0.9988372093023254	0.9994182664339731	0.0014749262536873156	0.03171091445427729	150
RefineAndMine	0.26095020436865474	0.26095020436865474	7892367	177.9351406097412	0.08030104637145996	1.0	0.9988372093023254	0.9994182664339731	0.0014749262536873156	0.03171091445427729	15222
RefineAndMine	0.26095020436865474	0.26095020436865474	7892367	178.46118569374084	0.08030104637145996	1.0	0.9988372093023254	0.9994182664339731	0.0014749262536873156	0.03171091445427729	0
RefineAndMine	0.26095020436865474	0.26095020436865474	7911240	179.25359463691711	0.08030104637145996	1.0	0.9988372093023254	0.9994182664339731	0.0014749262536873156	0.03171091445427729	4519
RefineAndMine	0.26095020436865474	0.26095020436865474	7991431	181.07197499275208	0.08030104637145996	1.0	0.9988372093023254	0.9994182664339731	0.0014749262536873156	0.03171091445427729	32790
RefineAndMine	0.26095020436865474	0.26095020436865474	7991431	181.599862575531	0.08030104637145996	1.0	0.9988372093023254	0.9994182664339731	0.0014749262536873156	0.03171091445427729	0
RefineAndMine	0.26095020436865474	0.26095020436865474	7993482	182.20436239242554	0.08030104637145996	1.0	0.9988372093023254	0.9994182664339731	0.0014749262536873156	0.03171091445427729	1818
RefineAndMine	0.26095020436865474	0.26095020436865474	7996222	182.7809557914734	0.08030104637145996	1.0	0.9988372093023254	0.9994182664339731	0.0014749262536873156	0.03171091445427729	275
RefineAndMine	0.26095020436865474	0.26095020436865474	8053218	184.23143339157104	0.08030104637145996	1.0	0.9988372093023254	0.9994182664339731	0.0014749262536873156	0.03171091445427729	22642
RefineAndMine	0.26095020436865474	0.26095020436865474	8063474	184.91390085220337	0.08030104637145996	1.0	0.9988372093023254	0.9994182664339731	0.0014749262536873156	0.03171091445427729	4039
RefineAndMine	0.26095020436865474	0.26095020436865474	8091438	185.847083568573	0.08030104637145996	1.0	0.9988372093023254	0.9994182664339731	0.0014749262536873156	0.03171091445427729	2856
RefineAndMine	0.26095020436865474	0.26095020436865474	8119418	186.98692107200623	0.08030104637145996	1.0	0.9988372093023254	0.9994182664339731	0.0014749262536873156	0.03171091445427729	26504
RefineAndMine	0.26095020436865474	0.26095020436865474	8205980	189.0595555305481	0.08030104637145996	1.0	0.9988372093023254	0.9994182664339731	0.0014749262536873156	0.02728613569321534	59293
RefineAndMine	0.26095020436865474	0.26095020436865474	8299499	191.20611667633057	0.08030104637145996	1.0	0.9988372093023254	0.9994182664339731	0.0014749262536873156	0.02728613569321534	37435
RefineAndMine	0.26095020436865474	0.26095020436865474	8340084	192.4531216621399	0.08030104637145996	1.0	0.9988372093023254	0.9994182664339731	0.0014749262536873156	0.02728613569321534	14535
RefineAndMine	0.26095020436865474	0.26095020436865474	8441091	194.3853452205658	0.08030104637145996	1.0	0.9988372093023254	0.9994182664339731	0.0014749262536873156	0.02728613569321534	2617
RefineAndMine	0.26095020436865474	0.26095020436865474	8481060	195.714457988739	0.08030104637145996	1.0	0.9988372093023254	0.9994182664339731	0.0014749262536873156	0.02728613569321534	33595
RefineAndMine	0.26095020436865474	0.26095020436865474	8581021	198.08744525909424	0.08030104637145996	1.0	0.9988372093023254	0.9994182664339731	0.0014749262536873156	0.02654867256637168	54458
RefineAndMine	0.26095020436865474	0.26095020436865474	8622024	199.39788508415222	0.08030104637145996	1.0	0.9988372093023254	0.9994182664339731	0.0014749262536873156	0.02654867256637168	33859
RefineAndMine	0.26095020436865474	0.26095020436865474	8651868	200.39180779457092	0.08030104637145996	1.0	0.9988372093023254	0.9994182664339731	0.0014749262536873156	0.02654867256637168	209
RefineAndMine	0.26095020436865474	0.26095020436865474	8799273	203.73937487602234	0.08030104637145996	1.0	0.9988372093023254	0.9994182664339731	0.0014749262536873156	0.02654867256637168	93106
RefineAndMine	0.26095020436865474	0.26095020436865474	8946957	207.05573511123657	0.08030104637145996	1.0	0.9988372093023254	0.9994182664339731	0.0014749262536873156	0.02654867256637168	81709
RefineAndMine	0.26095020436865474	0.26095020436865474	9001122	208.618586063385	0.08030104637145996	1.0	0.9988372093023254	0.9994182664339731	0.0014749262536873156	0.02654867256637168	25540
RefineAndMine	0.26095020436865474	0.26095020436865474	9089010	210.73118948936462	0.08030104637145996	1.0	0.9988372093023254	0.9994182664339731	0.0014749262536873156	0.02654867256637168	45205
RefineAndMine	0.26095020436865474	0.26095020436865474	9181877	213.16017532348633	0.08030104637145996	1.0	0.9988372093023254	0.9994182664339731	0.0014749262536873156	0.02654867256637168	65179
RefineAndMine	0.26095020436865474	0.26095020436865474	9263339	214.95177507400513	0.08030104637145996	1.0	0.9988372093023254	0.9994182664339731	0.0014749262536873156	0.02654867256637168	24371
RefineAndMine	0.26095020436865474	0.26095020436865474	9315146	216.357102394104	0.08030104637145996	1.0	0.9988372093023254	0.9994182664339731	0.0014749262536873156	0.02654867256637168	23990
RefineAndMine	0.26095020436865474	0.26095020436865474	9327277	217.1649284362793	0.08030104637145996	1.0	0.9988372093023254	0.9994182664339731	0.0014749262536873156	0.02654867256637168	7131
RefineAndMine	0.26095020436865474	0.26095020436865474	9426768	219.2673797607422	0.08030104637145996	1.0	0.9988372093023254	0.9994182664339731	0.0014749262536873156	0.02064896755162242	24106
RefineAndMine	0.26095020436865474	0.26095020436865474	9544889	222.31684565544128	0.08030104637145996	1.0	0.9988372093023254	0.9994182664339731	0.0014749262536873156	0.01991150442477876	96560
RefineAndMine	0.26095020436865474	0.26095020436865474	9576131	223.42410516738892	0.08030104637145996	1.0	0.9988372093023254	0.9994182664339731	0.0014749262536873156	0.01991150442477876	5909
RefineAndMine	0.26095020436865474	0.26095020436865474	9596979	224.41058015823364	0.08030104637145996	1.0	0.9988372093023254	0.9994182664339731	0.0014749262536873156	0.01991150442477876	6972
RefineAndMine	0.26095020436865474	0.26095020436865474	9651346	225.91699767112732	0.08030104637145996	1.0	0.9988372093023254	0.9994182664339731	0.0014749262536873156	0.018436578171091445	22008
RefineAndMine	0.26095020436865474	0.26095020436865474	9796434	228.60825753211975	0.08030104637145996	1.0	0.9988372093023254	0.9994182664339731	0.0014749262536873156	0.018436578171091445	14901
RefineAndMine	0.26095020436865474	0.26095020436865474	9853760	230.337260723114	0.08030104637145996	1.0	0.9988372093023254	0.9994182664339731	0.0014749262536873156	0.018436578171091445	48439
RefineAndMine	0.26095020436865474	0.26095020436865474	9861031	231.1399281024933	0.08030104637145996	1.0	0.9988372093023254	0.9994182664339731	0.0014749262536873156	0.018436578171091445	0
RefineAndMine	0.26095020436865474	0.26095020436865474	9861700	231.87562084197998	0.08030104637145996	1.0	0.9988372093023254	0.9994182664339731	0.0014749262536873156	0.018436578171091445	669
RefineAndMine	0.26095020436865474	0.26095020436865474	9944520	233.89251255989075	0.08030104637145996	1.0	0.9988372093023254	0.9994182664339731	0.0014749262536873156	0.018436578171091445	30800
RefineAndMine	0.26095020436865474	0.26095020436865474	9955823	234.811758518219	0.08030104637145996	1.0	0.9988372093023254	0.9994182664339731	0.0014749262536873156	0.018436578171091445	11303
RefineAndMine	0.26095020436865474	0.26095020436865474	10000992	236.14519381523132	0.08030104637145996	1.0	1.0	1.0	0.0	0.018436578171091445	1686
RefineAndMine	0.26095020436865474	0.26095020436865474	10143389	239.21676445007324	0.08030104637145996	1.0	1.0	1.0	0.0	0.018436578171091445	59468
RefineAndMine	0.26095020436865474	0.26095020436865474	10179887	240.50793719291687	0.08030104637145996	1.0	1.0	1.0	0.0	0.018436578171091445	13152
RefineAndMine	0.26095020436865474	0.26095020436865474	10252443	242.46776223182678	0.08030104637145996	1.0	1.0	1.0	0.0	0.018436578171091445	25098
RefineAndMine	0.26095020436865474	0.26095020436865474	10257651	243.33296370506287	0.08030104637145996	1.0	1.0	1.0	0.0	0.018436578171091445	4986
RefineAndMine	0.26095020436865474	0.26095020436865474	10324544	245.11644887924194	0.08030104637145996	1.0	1.0	1.0	0.0	0.018436578171091445	17175
RefineAndMine	0.26095020436865474	0.26095020436865474	10412938	247.2281129360199	0.08030104637145996	1.0	1.0	1.0	0.0	0.018436578171091445	30002
RefineAndMine	0.26095020436865474	0.26095020436865474	10466015	248.8828661441803	0.08030104637145996	1.0	1.0	1.0	0.0	0.01696165191740413	18939
RefineAndMine	0.26095020436865474	0.26095020436865474	10567490	251.308189868927	0.08030104637145996	1.0	1.0	1.0	0.0	0.015486725663716814	34339
RefineAndMine	0.26095020436865474	0.26095020436865474	10620478	252.97791409492493	0.08030104637145996	1.0	1.0	1.0	0.0	0.015486725663716814	19963
RefineAndMine	0.26095020436865474	0.26095020436865474	10683732	254.72405552864075	0.08030104637145996	1.0	1.0	1.0	0.0	0.015486725663716814	23290
RefineAndMine	0.26095020436865474	0.26095020436865474	10719127	256.1436426639557	0.08030104637145996	1.0	1.0	1.0	0.0	0.015486725663716814	14988
RefineAndMine	0.26095020436865474	0.26095020436865474	10797115	258.03521060943604	0.08030104637145996	1.0	1.0	1.0	0.0	0.015486725663716814	9671
RefineAndMine	0.26095020436865474	0.26095020436865474	10862449	259.7961394786835	0.08030104637145996	1.0	1.0	1.0	0.0	0.015486725663716814	14700
RefineAndMine	0.26095020436865474	0.26095020436865474	10868378	260.7140245437622	0.08030104637145996	1.0	1.0	1.0	0.0	0.015486725663716814	2478
RefineAndMine	0.26095020436865474	0.26095020436865474	10905501	262.1267874240875	0.08030104637145996	1.0	1.0	1.0	0.0	0.015486725663716814	8719
RefineAndMine	0.26095020436865474	0.26095020436865474	10928558	263.2900505065918	0.08030104637145996	1.0	1.0	1.0	0.0	0.015486725663716814	6302
RefineAndMine	0.26095020436865474	0.26095020436865474	10979076	264.9992907047272	0.08030104637145996	1.0	1.0	1.0	0.0	0.015486725663716814	21448
RefineAndMine	0.26095020436865474	0.26095020436865474	11029408	266.66271901130676	0.08030104637145996	1.0	1.0	1.0	0.0	0.015486725663716814	18964
RefineAndMine	0.26095020436865474	0.26095020436865474	11029408	267.5170519351959	0.08030104637145996	1.0	1.0	1.0	0.0	0.015486725663716814	0
RefineAndMine	0.26095020436865474	0.26095020436865474	11100161	269.45190691947937	0.08030104637145996	1.0	1.0	1.0	0.0	0.015486725663716814	24232
RefineAndMine	0.26095020436865474	0.26095020436865474	11136348	270.81460309028625	0.08030104637145996	1.0	1.0	1.0	0.0	0.015486725663716814	5636
RefineAndMine	0.26095020436865474	0.26095020436865474	11160751	272.07180166244507	0.08030104637145996	1.0	1.0	1.0	0.0	0.015486725663716814	14260
RefineAndMine	0.26095020436865474	0.26095020436865474	11166345	273.04514741897583	0.08030104637145996	1.0	1.0	1.0	0.0	0.014749262536873156	3814
RefineAndMine	0.26095020436865474	0.26095020436865474	11246620	274.9889221191406	0.08030104637145996	1.0	1.0	1.0	0.0	0.014749262536873156	32
RefineAndMine	0.26095020436865474	0.26095020436865474	11362172	277.7422516345978	0.08030104637145996	1.0	1.0	1.0	0.0	0.014749262536873156	56278
RefineAndMine	0.26095020436865474	0.26095020436865474	11429608	279.8006205558777	0.08030104637145996	1.0	1.0	1.0	0.0	0.014749262536873156	25565
RefineAndMine	0.26095020436865474	0.26095020436865474	11501412	281.8150625228882	0.08030104637145996	1.0	1.0	1.0	0.0	0.014749262536873156	18520
RefineAndMine	0.26095020436865474	0.26095020436865474	11577206	283.8874490261078	0.08030104637145996	1.0	1.0	1.0	0.0	0.014749262536873156	25977
RefineAndMine	0.26095020436865474	0.26095020436865474	11681088	286.39686846733093	0.08030104637145996	1.0	1.0	1.0	0.0	0.014749262536873156	32331
RefineAndMine	0.26095020436865474	0.26095020436865474	11726390	287.9712927341461	0.08030104637145996	1.0	1.0	1.0	0.0	0.014749262536873156	12529
RefineAndMine	0.26095020436865474	0.26095020436865474	11804770	290.1680302619934	0.08030104637145996	1.0	1.0	1.0	0.0	0.014749262536873156	34818
RefineAndMine	0.26095020436865474	0.26095020436865474	11832075	291.4870867729187	0.08030104637145996	1.0	1.0	1.0	0.0	0.014749262536873156	297
RefineAndMine	0.26095020436865474	0.26095020436865474	11940398	294.1536190509796	0.08030104637145996	1.0	1.0	1.0	0.0	0.014749262536873156	35320
RefineAndMine	0.26095020436865474	0.26095020436865474	11940433	295.109498500824	0.08030104637145996	1.0	1.0	1.0	0.0	0.014749262536873156	0
RefineAndMine	0.26095020436865474	0.26095020436865474	12031920	297.45137763023376	0.08030104637145996	1.0	1.0	1.0	0.0	0.014749262536873156	22590
RefineAndMine	0.26095020436865474	0.26095020436865474	12150724	300.46064734458923	0.08030104637145996	1.0	1.0	1.0	0.0	0.014749262536873156	45562
RefineAndMine	0.26095020436865474	0.26095020436865474	12219114	302.64418745040894	0.08030104637145996	1.0	1.0	1.0	0.0	0.014749262536873156	25220
RefineAndMine	0.26095020436865474	0.26095020436865474	12266320	304.4206998348236	0.08030104637145996	1.0	1.0	1.0	0.0	0.014749262536873156	17527
RefineAndMine	0.26095020436865474	0.26095020436865474	12266320	305.40586161613464	0.08030104637145996	1.0	1.0	1.0	0.0	0.014749262536873156	0
RefineAndMine	0.26095020436865474	0.26095020436865474	12295945	306.8928780555725	0.08030104637145996	1.0	1.0	1.0	0.0	0.014749262536873156	14831
RefineAndMine	0.26095020436865474	0.26095020436865474	12341928	308.4839606285095	0.08030104637145996	1.0	1.0	1.0	0.0	0.014749262536873156	473
RefineAndMine	0.26095020436865474	0.26095020436865474	12344791	309.5237395763397	0.08030104637145996	1.0	1.0	1.0	0.0	0.014749262536873156	1954
RefineAndMine	0.26095020436865474	0.26095020436865474	12347819	310.56439757347107	0.08030104637145996	1.0	1.0	1.0	0.0	0.014749262536873156	1521
RefineAndMine	0.26095020436865474	0.26095020436865474	12491019	314.2201976776123	0.08030104637145996	1.0	1.0	1.0	0.0	0.01327433628318584	88027
RefineAndMine	0.26095020436865474	0.26095020436865474	12544566	316.0184874534607	0.08030104637145996	1.0	1.0	1.0	0.0	0.01327433628318584	21911
RefineAndMine	0.26095020436865474	0.26095020436865474	12550734	317.1392424106598	0.08030104637145996	1.0	1.0	1.0	0.0	0.01327433628318584	494
RefineAndMine	0.26095020436865474	0.26095020436865474	12602364	318.9608254432678	0.08030104637145996	1.0	1.0	1.0	0.0	0.01327433628318584	16317
RefineAndMine	0.26095020436865474	0.26095020436865474	12621691	320.42318987846375	0.08030104637145996	1.0	1.0	1.0	0.0	0.01327433628318584	18419
RefineAndMine	0.26095020436865474	0.26095020436865474	12737785	323.81106209754944	0.08030104637145996	1.0	1.0	1.0	0.0	0.01327433628318584	80563
RefineAndMine	0.26095020436865474	0.26095020436865474	12746582	325.1410048007965	0.08030104637145996	1.0	1.0	1.0	0.0	0.01327433628318584	8691
RefineAndMine	0.26095020436865474	0.26095020436865474	12752370	326.3143458366394	0.08030104637145996	1.0	1.0	1.0	0.0	0.01327433628318584	5788
RefineAndMine	0.26095020436865474	0.26095020436865474	12756920	327.45311403274536	0.08030104637145996	1.0	1.0	1.0	0.0	0.01327433628318584	4550
RefineAndMine	0.26095020436865474	0.26095020436865474	12832183	329.7242558002472	0.08030104637145996	1.0	1.0	1.0	0.0	0.01327433628318584	30167
RefineAndMine	0.26095020436865474	0.26095020436865474	12939016	332.6549816131592	0.08030104637145996	1.0	1.0	1.0	0.0	0.01327433628318584	39542
RefineAndMine	0.26095020436865474	0.26095020436865474	13031014	335.21475100517273	0.08030104637145996	1.0	1.0	1.0	0.0	0.01327433628318584	32876
RefineAndMine	0.26095020436865474	0.26095020436865474	13098958	337.2401475906372	0.08030104637145996	1.0	1.0	1.0	0.0	0.01327433628318584	7148
RefineAndMine	0.26095020436865474	0.26095020436865474	13147120	339.0551402568817	0.08030104637145996	1.0	1.0	1.0	0.0	0.01327433628318584	3728
RefineAndMine	0.26095020436865474	0.26095020436865474	13272613	342.59907841682434	0.08030104637145996	1.0	1.0	1.0	0.0	0.01327433628318584	81924
RefineAndMine	0.26095020436865474	0.26095020436865474	13289294	343.92785000801086	0.08030104637145996	1.0	1.0	1.0	0.0	0.01327433628318584	0
RefineAndMine	0.26095020436865474	0.26095020436865474	13299962	345.2160131931305	0.08030104637145996	1.0	1.0	1.0	0.0	0.01327433628318584	3532
RefineAndMine	0.26095020436865474	0.26095020436865474	13299962	346.3234612941742	0.08030104637145996	1.0	1.0	1.0	0.0	0.01327433628318584	0
RefineAndMine	0.26095020436865474	0.26095020436865474	13467485	350.92190647125244	0.08030104637145996	1.0	1.0	1.0	0.0	0.01327433628318584	126279
RefineAndMine	0.26095020436865474	0.26095020436865474	13527562	353.2260172367096	0.08030104637145996	1.0	1.0	1.0	0.0	0.01327433628318584	46712
RefineAndMine	0.26095020436865474	0.26095020436865474	13587444	355.46027135849	0.08030104637145996	1.0	1.0	1.0	0.0	0.01327433628318584	31533
RefineAndMine	0.26095020436865474	0.26095020436865474	13734712	359.422420501709	0.08030104637145996	1.0	1.0	1.0	0.0	0.01327433628318584	85983
RefineAndMine	0.26095020436865474	0.26095020436865474	13748876	360.89124155044556	0.08030104637145996	1.0	1.0	1.0	0.0	0.01327433628318584	3172
RefineAndMine	0.26095020436865474	0.26095020436865474	13831486	363.51533913612366	0.08030104637145996	1.0	1.0	1.0	0.0	0.007374631268436578	41904
RefineAndMine	0.26095020436865474	0.26095020436865474	13842102	364.9293122291565	0.08030104637145996	1.0	1.0	1.0	0.0	0.005162241887905605	10284
RefineAndMine	0.26095020436865474	0.26095020436865474	13945264	367.859454870224	0.08030104637145996	1.0	1.0	1.0	0.0	0.0022123893805309734	50057
RefineAndMine	0.26095020436865474	0.26095020436865474	13957369	369.2117931842804	0.08030104637145996	1.0	1.0	1.0	0.0	0.0	7623
